Columna,Tipo,Nulos,Porcentaje de nulos,Valores únicos,Ejemplos
Unnamed: 0,int64,0,0.0,11571,"[4112, 3811, 3450, 4591, 7352]"
id,int64,0,0.0,11571,"[5896, 5469, 4953, 6551, 10501]"
fecha_aprobación,object,11570,99.99,1,['2018-06-19 19:48:27.269-05']
objeto,object,0,0.0,2,"['originación', 'remate']"
motivo,object,0,0.0,16,"['crédito hipotecario de vivienda', 'leasing habitacional', 'empleados', 'remates', 'colomext hipotecario']"
proposito,object,0,0.0,4,"['garantía hipotecaria', 'transacción comercial de venta', 'valor asegurable', '0']"
tipo_avaluo,object,0,0.0,2,"['hipotecario', 'remates']"
tipo_credito,object,0,0.0,3,"['vivienda', 'diferente de vivienda', '0']"
tipo_subsidio,object,10219,88.32,5,"['vis', 'vip', 'gratuita', 'frech ii', 'oscar romel castellanos virguez y otro']"
departamento_inmueble,object,0,0.0,51,"['antioquia', 'bogotí\x81, d. c.', 'valle del cauca', 'bogotá, d. c.', 'cundinamarca']"
municipio_inmueble,object,0,0.0,430,"['bogotí\x81, d. c.', 'medellin', 'cali', 'bogotá, d. c.', 'barranquilla']"
barrio,object,6,0.05,4556,"['centro', 'buenos aires', 'laureles', 'poblado', 'loma de los bernal']"
sector,object,1,0.01,10,"['urbano', 'rural', 'medellin', 'villa sofia', 'urbanización los alcores']"
direccion_inmueble_informe,object,0,0.0,11540,"['urbano', 'lote 2', 'lote', 'lote 1', 'cl 75 a sur # 47 a - 33 apto 802']"
alcantarillado_en_el_sector,object,0,0.0,4,"['si', 'no', '0', '37172']"
acueducto_en_el_sector,object,0,0.0,3,"['si', 'no', '5.0010106160500402e+23']"
gas_en_el_sector,object,0,0.0,3,"['si', 'no', '0']"
energia_en_el_sector,object,0,0.0,2,"['si', 'no']"
telefono_en_el_sector,object,0,0.0,2,"['si', 'no']"
vias_pavimentadas,object,0,0.0,2,"['si', 'no']"
sardineles_en_las_vias,object,0,0.0,2,"['si', 'no']"
andenes_en_las_vias,object,0,0.0,2,"['si', 'no']"
estrato,object,0,0.0,11,"['3', '4', '2', '5', '6']"
barrio_legal,object,0,0.0,6,"['si', 'no', '5', '3', '4']"
topografia_sector,object,0,0.0,5,"['plano', 'ligera', 'inclinado', 'accidentada', 'si']"
condiciones_salubridad,object,0,0.0,7,"['buenas', 'regulares', 'ligera', 'inclinado', 'malas']"
transporte,object,0,0.0,6,"['bueno', 'regular', 'malo', 'buenas', 'si']"
demanda_interes,object,0,0.0,7,"['media', 'fuerte', 'débil', 'nula', 'vivienda']"
paradero,object,0,0.0,4,"['si', 'no', 'media', 'bueno']"
alumbrado,object,0,0.0,3,"['si', 'no', 'vivienda']"
arborizacion,object,0,0.0,3,"['si', 'no', 'media']"
alamedas,object,0,0.0,2,"['no', 'si']"
ciclo_rutas,object,0,0.0,2,"['no', 'si']"
nivel_equipamiento_comercial,object,0,0.0,7,"['bueno', 'muy bueno', 'regular malo', 'en proyecto', 'no']"
descripcion_general_sector,object,0,0.0,9066,"['residencial, con inmuebles en serie homogéneos destinados en altura de 5 a 10 pisos.', 'el sector se caracteriza por presentar uso comercial, residencial, unifamiliar, bifamiliar e institucional. el equipamiento urbanístico es completo, las vías presentan normal estado.', 'sector de uso mixto, residencial y comercial, con rutas de transporte público y mobiliario urbano suficiente.', 'es un sector tranquilo y residencial con buenas vías de acceso y buen servicio de transporte.', 'conformado por viviendas unifamiliares de dos y tres plantas, multifamiliares en altura, hoteles, oficinas, locales y centros comerciales además este sector está ubicado en un punto estratégico por tener en su entorno, parques, centros educativos.']"
perspectivas_de_valorizacion,object,0,0.0,4728,"['debido a la situación de la vivienda en el entorno urbano y al actual nivel de oferta y demanda en la zona, es de esperar un continuo proceso moderado de revalorización del inmueble, perspectivas de valorización del inmueble a medio plazo son medias.', 'debido a la situación del sujeto en el entorno y al actual nivel de oferta y demanda en la zona, es de esperar un proceso moderado de revalorización del inmueble. se trata de una zona de protección sostenible.', 'debido a la situación de la vivienda en el entorno urbano y al actual nivel de oferta y demanda de la zona es de esperar un continuo proceso moderado de revalorización del inmueble. se trata de una zona residencial y de pequeño comercio consolidada.', 'estables, dadas las condiciones propias del inmueble como sus acabados, ubicación, dotación de servicios públicos e infraestructura urbana.', 'son buenas, dados su ubicación dentro del sector con normal amoblamiento urbano, amplias rutas de transporte y completa infraestructura de servicios públicos.']"
actualidad_edificadora,object,0,0.0,5576,"['sector consolidado de la ciudad donde predomina el uso residencial, se adelantan proyectos de vivienda en casas y apartamentos en conjuntos cerrados.', 'en la actualidad se observa que se están realizando algunas construcciones de vivienda multifamiliar y  unifamiliar, aunque el número de obras en la zona es poco significativo.', 'en la actualidad, se observa que se están realizando algunas construcciones de viviendas multifamiliares, aunque el número de obras en la zona es poco significativo.', 'se presenta incremento en construcción de vivienda multifamiliar. dada la situación del inmueble, las perspectivas de valorización a mediano plazo son medias.', 'se observan nuevos proyectos de vivienda, el sector se encuentra en proceso de consolidación con inmuebles que se caracterizan por buen diseño técnico y arquitectónico, dotados de un amplio equipamento comunal.']"
comportamiento_oferta_demanda,object,0,0.0,3380,"['del análisis del segmento del mercado relativo a inmueble comparables con el que se valora deducimos que hay buena demanda en el sector. las características constructivas del inmueble valorado, son similares a las del mercado competitivo.', 'del análisis del segmento de mercado relativo a los inmuebles comparables que se valora se deduce que la oferta en la zona es media. las características constructivas de la vivienda son similares a la media del mercado competitivo.', 'normales, existe un mercado propio para este tipo de inmuebles.', 'de la investigación económica de inmuebles en el sector, se ha podido establecer que presenta una oferta media de inmuebles comparables.', 'el sector presenta un buen comportamiento comercial que se refleja en su mediana comercialización. presenta una media oferta  media demanda de inmuebles.']"
alcantarillado_en_el_predio,object,0,0.0,65,"['si', 'no', '0', '""del análisis del segmento de mercado relativo a los inmuebles comparables que se valora se deduce que la oferta en la zona es media. las características constructivas de la vivienda son similares a la media del mercado competitivo. los precios varían según las zonas, el tamaño y antigüedad de la vivienda. la demanda de inmuebles similares en la zona satisface en plazos normales de mercado. en la actualidad la oferta existe es absorbida por la demanda. ""', '""existe un marcado equilibrio, en cuanto a estos factores nos referimos.""']"
acueducto_en_el_predio,object,0,0.0,27,"['si', 'no', '0', '""del análisis del segmento de mercado relativo a los inmuebles comparables que se valora se deduce que la oferta existe es absorbida por la demanda,  y la demanda de inmuebles similares en la zona se satisface en plazos normales de mercado.""', '""la demanda y oferta actualmente con comportamiento similar. sin embargo los tiempos de comercialización son lentos.""']"
gas_en_el_predio,object,0,0.0,14,"['si', 'no', '0', '""del análisis del segmento de mercado relativo a los inmuebles comparables que se valora se deduce que la oferta existe es absorbida por la demanda,  y la demanda de inmuebles similares en la zona se satisface en plazos normales de mercado.""', 'se adelanta un proyecto de este tipo en proximidad.""']"
energia_en_el_predio,object,0,0.0,7,"['si', 'no', '0', '""se mantiene en equilibrio gracias al crecimiento en construcciones en la zona y por la construcción que se adelanta de un centro comercial.""', 'lo que permite que el inmueble tenga una moderada valorización. ""']"
telefono_en_el_predio,object,0,0.0,4,"['si', 'no', '0', '""oferta: media - demanda: baja""']"
tipo_inmueble,object,0,0.0,13,"['apartamento', 'casa', 'casa rural', 'si', 'finca']"
descripcion_tipo_inmueble,object,218,1.88,1254,"['0', 'conjunto cerrado', 'existen amplias zonas comunes', 'ubicado en conjunto cerrado', 'para el tipo de familia de hoy']"
uso_actual,object,0,0.0,32,"['vivienda', '0', 'sin uso - vivienda', 'otro', 'comercio']"
descripcion_uso_inmueble,object,225,1.94,939,"['0', 'residencial', 'apartamento en buen estado', 'usada', 'vivienda']"
clase_inmueble,object,0,0.0,22,"['multifamiliar', 'unifamiliar', 'bifamiliar', 'viv. subdividida', '0']"
descripcion_clase_inmueble,object,218,1.88,1254,"['0', 'conjunto cerrado', 'existen amplias zonas comunes', 'ubicado en conjunto cerrado', 'para el tipo de familia de hoy']"
ocupante,object,0,0.0,18,"['sinocupante', 'propietario', 'arrendatario', 'sininformacion', 'otro']"
sometido_a_propiedad_horizontal,object,0,0.0,14,"['si', 'no', 'propietario', 'sinocupante', '0']"
altura_permitida,object,0,0.0,10,"['aplica', 'no aplica', 'resultante', '0', 'no']"
observaciones_altura_permitida,object,0,0.0,23,"['0', '3', '2', '5', '4']"
aislamiento_posterior,object,0,0.0,10,"['aplica', 'no aplica', '0', '3', '2']"
observaciones_aislamiento_posterior,object,0,0.0,41,"['0', '3', '2', '4', '2.5']"
aislamiento_lateral,object,0,0.0,5,"['aplica', 'no aplica', '0', '3', '2']"
observaciones_aislamiento_lateral,object,0,0.0,25,"['0', '3', '1', 'aplica', '2']"
antejardin,object,0,0.0,5,"['aplica', 'no aplica', '0', '3', '2']"
observaciones_antejardin,object,0,0.0,56,"['0', '3', '2', '1.5', '1']"
indice_ocupacion,object,0,0.0,9,"['aplica', 'no aplica', 'resultante', '0', '3']"
observaciones_indice_ocupacion,object,0,0.0,138,"['0', '0.7', '0.8', '0,7', '0,8']"
indice_construccion,object,0,0.0,12,"['aplica', 'no aplica', 'resultante', '0', '0,8']"
observaciones_indice_construccion,object,0,0.0,237,"['0', '2', '3', '2.5', '1.5']"
predio_subdividido_fisicamente,object,0,0.0,18,"['no', 'si', '0', 'aplica', '2']"
unidades,object,0,0.0,15,"['0', '2', '3', 'no', '4']"
contadores_agua,object,0,0.0,14,"['0', '1', '2', '3', 'no']"
contadores_luz,object,0,0.0,10,"['0', '2', '1', '3', '4']"
accesorios,object,3379,29.2,8,"['0', '2', '3', '1', '4']"
area_valorada,object,0,0.0,7011,"['0', '60', '54', '56', '72']"
observaciones_generales_inmueble,object,0,0.0,9050,"['í\x81reas tomadas de los documentos suministrados.', 'no se presentan diferencias entre lo físico y lo jurídico.', 'inmueble en buen estado de conservación y mantenimiento.', 'el área privada construída se tomo de los documentos suministrados y se verifico.', 'las dependencias cuentan con buenos acabados y una buena distribución en la construcción del edificio, lo que permite obtener iluminación natural como artificial y contar con buena ventilación.']"
condicion_ph,object,0,0.0,89,"['construccion', '0', 'terreno', '""el inmueble en estudio, posee buenas perspectivas de valorización a mediano plazo.""', '""no se presentan diferencias entre lo físico y lo jurídico. ""']"
numero_piso,object,0,0.0,75,"['0', '1', '2', '3', '4']"
numero_de_edificios,object,0,0.0,103,"['1', '0', '2', '3', '4']"
area_actividad,object,1,0.01,449,"['residencial', '0', 'vivienda', 'residencial y comercial', 'mixta']"
uso_principal_ph,object,0,0.0,214,"['vivienda', '0', 'residencial', 'vivienda multifamiliar', 'habitacional']"
rph,object,0,0.0,21,"['si', '0', 'no', 'vivienda', 'residencial']"
porteria,object,0,0.0,10,"['si', '0', 'no', 'residencial', 'vivienda']"
citofono,object,0,0.0,8,"['si', '0', 'no', 'vivienda', 'residencial']"
bicicletero,object,0,0.0,7,"['no', '0', 'si', 'vivienda', '17,38']"
piscina,object,0,0.0,6,"['no', '0', 'si', 'r-2', 'vivienda']"
tanque_de_agua,object,0,0.0,5,"['si', 'no', '0', 'vivienda unifamiliar', 'residencial t 1 y 2']"
club_house,object,0,0.0,3,"['no', '0', 'si']"
garaje_visitantes,object,0,0.0,3,"['si', '0', 'no']"
teatrino,object,0,0.0,3,"['no', '0', 'si']"
sauna,object,0,0.0,3,"['no', '0', 'si']"
vigilancia_privada,object,0,0.0,3,"['no', 'si', '0']"
tipo_vigilancia,object,0,0.0,5,"['0', '24 horas', '12 horas', 'no', 'si']"
administracion,object,0,0.0,6,"['si', '0', 'no', '24 horas', '2008']"
vetustez,object,0,0.0,113,"['0', '1', '2', '5', '4']"
pisos_bodega,object,0,0.0,45,"['2', '1', '0', '18', '2017']"
estructura,object,0,0.0,31,"['tradicional', 'mamposteria estructural', 'muro de carga', 'industrializada', 'otros']"
ajustes_sismoresistentes,object,0,0.0,19,"['no disponible', 'no reparados', 'reparados', 'tradicional', 'mamposteria estructural']"
cubierta,object,0,0.0,17,"['placa concreto imp.', 'teja fibrocemento', 'teja de barro', 'teja metálica', 'otros']"
fachada,object,0,0.0,21,"['ladrillo a la vista', 'pañete y pintura', 'graniplast', 'otros', 'concreto texturado']"
tipo_fachada,object,0,0.0,17,"['mayor a 6 metros', 'de 3 a 6 metros', 'de 0 a 3 metros', 'ladrillo a la vista', 'pañete y pintura']"
estructura_reforzada,object,0,0.0,19,"['no disponible', 'trabes coladas en sitio', 'no tiene trabes', 'trabes prefabricadas', 'mayor a 6 metros']"
danos_previos,object,0,0.0,12,"['no disponible', 'sin daños previos', 'con daños previos', 'trabes coladas en sitio', 'mayor a 6 metros']"
material_de_construccion,object,0,0.0,17,"['mampostería', 'concreto reforzado', 'mixtas u otro', 'adobe, bahareque o tapia', 'no existe']"
detalle_material,object,0,0.0,25,"['pórticos', 'mampostería no reforzada', 'no disponible', 'muros', 'mampostería reforzada']"
iluminacion,object,0,0.0,25,"['bueno', 'regular', 'pórticos', 'mampostería', 'no disponible']"
ventilacion,object,0,0.0,17,"['bueno', 'regular', 'malo', 'mampostería reforzada', 'mampostería no reforzada']"
irregularidad_planta,object,0,0.0,14,"['no disponible', 'sin irregularidad', 'con irregularidad', 'bueno', 'mampostería reforzada']"
irregularidad_altura,object,0,0.0,8,"['sin irregularidad', 'no disponible', 'con irregularidad', 'bueno', 'sin daños previos']"
observaciones_estructura,object,1,0.01,5040,"['la estructura se encuentra en aparente buen estado de conservación.', 'la estructura se encuentra en aparente buen estado, no se observan algunas grietas y fisuras que pongan en peligro la estabilidad del inmueble.', 'la estructura se encuentra en aparente buen estado, no se observan grietas ni fisuras que pongan en peligro la estabilidad del inmueble.', 'estructura tradicional, sistema calificado por normas sismo resistentes, compuestos de vigas y columnas en concreto, sobre placa flotante de ferroconcreto.', 'la estructura no presenta daño alguno.']"
habitaciones,object,0,0.0,88,"['3', '2', '4', '1', '5']"
estar_habitacion,object,0,0.0,33,"['0', '1', '2', '3', '4']"
cuarto_servicio,object,0,0.0,17,"['0', '1', '2', '3', 'sin irregularidad']"
closet,object,0,0.0,18,"['3', '0', '2', '1', '4']"
sala,object,1,0.01,18,"['1', '2', '0', '3', '4']"
comedor,object,4096,35.4,13,"['1', '2', '0', '3', '4']"
bano_privado,object,8192,70.8,12,"['1', '0', '2', '3', '4']"
bano_social,int64,0,0.0,12,"[1, 0, 2, 3, 4]"
bano_servicio,int64,0,0.0,6,"[0, 1, 2, 3, 11]"
cocina,int64,0,0.0,10,"[1, 2, 0, 3, 4]"
estudio,int64,0,0.0,4,"[0, 1, 2, 3]"
balcon,int64,0,0.0,8,"[0, 1, 2, 3, 4]"
terraza,int64,0,0.0,8,"[0, 1, 2, 3, 4]"
patio_interior,int64,0,0.0,9,"[0, 1, 2, 3, 4]"
jardin,int64,0,0.0,5,"[0, 1, 2, 3, 4]"
zona_de_ropas,int64,0,0.0,10,"[1, 0, 2, 3, 4]"
zona_verde_privada,int64,0,0.0,4,"[0, 1, 2, 3]"
local,int64,0,0.0,6,"[0, 1, 2, 3, 4]"
oficina,int64,0,0.0,8,"[0, 1, 2, 9, 3]"
bodega,object,11570,99.99,1,['0']
observaciones_dependencias,object,1,0.01,5596,"['buena distribución de las dependencias.', 'las dependencias cuentan con buena ventilación e iluminación.', 'la distribución de las dependencias le permite al inmueble gozar de buena iluminación y aireación natural.', 'predio con distribución agradable, con espacios acordes al uso, con buena iluminación y ventilación.', 'el inmueble cuenta con una distribución funcional.']"
estado_acabados_pisos,object,0,0.0,81,"['bueno', 'sin acabados', 'regular', '0', 'malo']"
calidad_acabados_pisos,object,0,0.0,34,"['normal', 'sencillo', 'sin acabados', 'lujoso', 'bueno']"
estado_acabados_muros,object,0,0.0,19,"['bueno', 'sin acabados', 'regular', 'normal', 'malo']"
calidad_acabados_muros,object,0,0.0,9,"['normal', 'sencillo', 'sin acabados', 'lujoso', 'bueno']"
estado_acabados_techos,object,0,0.0,10,"['bueno', 'sin acabados', 'regular', 'normal', 'malo']"
calidad_acabados_techos,object,0,0.0,9,"['normal', 'sencillo', 'sin acabados', 'lujoso', 'bueno']"
estado_acabados_madera,object,0,0.0,9,"['bueno', 'sin acabados', 'regular', 'normal', 'malo']"
calidad_acabados_madera,object,0,0.0,8,"['normal', 'sencillo', 'sin acabados', 'lujoso', 'bueno']"
estado_acabados_metal,object,0,0.0,7,"['bueno', 'sin acabados', 'regular', 'normal', 'sencillo']"
calidad_acabados_metal,object,0,0.0,6,"['normal', 'sencillo', 'sin acabados', 'lujoso', 'bueno']"
estado_acabados_banos,object,0,0.0,7,"['bueno', 'regular', 'sin acabados', 'normal', 'malo']"
calidad_acabados_banos,object,0,0.0,6,"['normal', 'sencillo', 'lujoso', 'sin acabados', 'bueno']"
estado_acabados_cocina,object,0,0.0,7,"['bueno', 'regular', 'sin acabados', 'normal', 'malo']"
calidad_acabados_cocina,object,0,0.0,8,"['integral', 'sencillo', 'semi-integral', 'sin acabados', 'bueno']"
tipo_garaje,object,0,0.0,12,"['no tiene', 'privado', 'exclusivo', 'comunal', 'integral']"
numero_total_de_garajes,object,0,0.0,17,"['0', '1', '2', '3', 'no tiene']"
total_cupos_parquedaro,object,0,0.0,16,"['0', '1', '2', '3', '4']"
numero_garaje_1,object,26,0.22,1045,"['0', '1', '2', '5', '3']"
matricula_garaje_1,object,0,0.0,3204,"['0', '1', '2', '350-235512', 'no tiene']"
garaje_cubierto_1,object,0,0.0,38,"['0', 'si', 'no', '1', '28']"
garaje_doble_1,object,0,0.0,17,"['0', 'no', 'si', '1', '109']"
garaje_paralelo_1,object,0,0.0,9,"['0', 'no', 'si', '50s-40693251', '1']"
garaje_servidumbre_1,object,0,0.0,5,"['0', 'no', 'si', '2', 'exclusivo']"
numero_garaje_2,object,4,0.03,299,"['0', 'no', '2', '6', '16']"
matricula_garaje_2,object,0,0.0,471,"['0', 'no', '370-724116', '50n - 20798286', '001-508076']"
garaje_cubierto_2,object,1,0.01,11,"['0', 'si', 'no', '370-80383', '001-903670']"
garaje_doble_2,object,0,0.0,4,"['0', 'no', 'si', '50n-20706073']"
garaje_paralelo_2,object,0,0.0,3,"['0', 'no', 'si']"
garaje_servidumbre_2,object,0,0.0,3,"['0', 'no', 'si']"
numero_garaje_3,object,0,0.0,67,"['0', 'no', '3', '14', '93']"
matricula_garaje_3,object,0,0.0,56,"['0', 'no', '370-501796', '370-457065', '370-969515']"
garaje_cubierto_3,object,0,0.0,3,"['0', 'si', 'no']"
garaje_doble_3,object,0,0.0,3,"['0', 'no', 'si']"
garaje_paralelo_3,object,0,0.0,3,"['0', 'no', 'si']"
garaje_servidumbre_3,object,1,0.01,3,"['0', 'no', 'si']"
numero_garaje_4,object,4095,35.39,9,"['0', '218', '42-23', '801c', 'no']"
matricula_garaje_4,object,0,0.0,10,"['0', '50n-20643292', '50n-20271546', '50c-1866508', '050n-20391183']"
garaje_cubierto_4,object,0,0.0,3,"['0', 'si', 'no']"
garaje_doble_4,object,0,0.0,3,"['0', 'no', 'si']"
garaje_paralelo_4,object,0,0.0,2,"['0', 'no']"
garaje_servidumbre_4,object,1,0.01,3,"['0', 'no', 'si']"
numero_garaje_5,int64,0,0.0,2,"[0, 31]"
matricula_garaje_5,float64,1,0.01,1,[0.0]
garaje_cubierto_5,object,7475,64.6,2,"['0', 'si']"
garaje_doble_5,object,7475,64.6,2,"['0', 'no']"
garaje_paralelo_5,object,7475,64.6,2,"['0', 'no']"
garaje_servidumbre_5,object,7474,64.59,2,"['0', 'no']"
tipo_deposito,object,0,0.0,3,"['0', 'privado', 'exclusivo']"
numero_total_depositos,object,0,0.0,7,"['0', '1', '2', 'privado', 'exclusivo']"
numero_deposito_1,object,0,0.0,419,"['0', '1', '3', '5', '8']"
matricula_inmobiliaria_deposito_1,object,0,0.0,894,"['0', '1', '001-1012927', '001-478294', '001-1292470']"
numero_deposito_2,object,0,0.0,37,"['0', '45', '10', '26', '240-269857']"
matricula_inmobiliaria_deposito_2,object,1,0.01,33,"['0', '001-873992', '060-301923', '020-102337', '001-1278523']"
numero_deposito_3,object,8192,70.8,2,"['0', '001-806072']"
matricula_inmobiliaria_deposito_3,float64,2,0.02,1,[0.0]
numero_deposito_4,object,8192,70.8,2,"['0', 'exclusivo']"
matricula_inmobiliaria_deposito_4,float64,1,0.01,2,"[0.0, 1.0]"
numero_deposito_5,int64,0,0.0,1,[0]
matricula_inmobiliaria_deposito_5,object,11570,99.99,1,['0']
observaciones_generales_construccion,object,15,0.13,6524,"['el inmueble se encuentra en aparente buen estado de conservación y mantenimiento, presenta buen estado y distribución en su diseño. cuenta con una buena ventilación e iluminación interior, se encuentra ubicado en un sector residencial.', 'el predio se encuentra en buen estado de conservación y mantenimiento.', 'predio en general en buen estado de conservación y mantenimiento. con acabados acordes al sector y a la edad del inmueble.', '""el inmueble se encuentra en aparente buen estado de conservación y mantenimiento, presenta buen estado y distribución en su diseño. cuenta con una buena ventilación e iluminación interior, se encuentra ubicado en un sector residencial.""', '0']"
metodo_valuacion_1,object,0,0.0,80,"['0', '""construcción en buen estado.""', '""el inmueble se encuentra en aparente buen estado de conservación y mantenimiento, presenta buen estado y distribución en su diseño. cuenta con una buena ventilación e iluminación interior, se encuentra ubicado en un sector residencial.""', '""la edificación posee fachada en ladrillo a la vista, ventanería en perfilería de aluminio y vidrio plano con cubierta en placa de concreto.""', 'comparación de  mercado']"
concepto_del_metodo_1,object,0,0.0,31,"['0', '""el inmueble se encuentra en aparente buen estado de conservación y mantenimiento, presenta buen estado y distribución en su diseño. cuenta con una buena ventilación e iluminación interior, se encuentra ubicado en un sector residencial.""', '""inmueble en buen estado.""', '""no existe construcción en el lote valorado""', '""se realizó por método comparativo o de mercado, estudiando la oferta de inmuebles similares en el sector y haciendo las debidas homogenizaciones con la información.""']"
metodo_valuacion_2,object,0,0.0,13,"['0', 'capitalización de ingresos', '""inmueble en buen estado.""', '""el inmueble se encuentra en aparente buen estado de conservación y mantenimiento, presenta buen estado y distribución en su diseño. cuenta con una buena ventilación e iluminación interior, se encuentra ubicado en un sector residencial.""', 'además se encuentra un patio descubierto y un solar que tiene lindero con el cauce del río chinchiná.""']"
concepto_del_metodo_2,object,0,0.0,6,"['0', '""vivienda nueva . predio terminado para entrega en obra gris""', 'complementario', '""en buen estado, recién remodelada (acabados y ampliación cocina).""', 'dado que el predio es un hotel se aplica el método de capitalización de ingresos. se adjunta en los documentos el análisis del método.']"
metodo_valuacion_3,object,0,0.0,3,"['0', 'método reposición', '""el inmueble se encuentra en aparente buen estado de conservación y mantenimiento, presenta buen estado y distribución en su diseño. cuenta con una buena ventilación e iluminación interior, se encuentra ubicado en un sector residencial.""']"
concepto_del_metodo_3,object,0,0.0,195,"['0', 'se establece el valor de la edificación a partir de estimar el costo total para construir a precios de hoy, un bien semejante al que es objeto de avalúo y restarle la depreciación acumulada. la depreciación es la porción de vida útil que en términos económicos se debe descontar al bien, por el tiempo de uso, teniendo en cuenta aspectos como estado de conservación y mantenimiento, obsolescencia funcional y obsolescencia económica.', 'es el que busca establecer el valor comercial del bien objeto de avalúo a partir de estimar el costo total de la construcción a precios de hoy, un bien semejante al del objeto de avalúo, y restarle la depreciación acumulada.', 'se utiliza la metodología de método de reposición, ya que busca establecer el valor comercial del bien objeto de avalúo a partir de estimar el costo total de la construcción a precios de hoy, un bien semejante al del objeto de avalúo, y restarle la depreciación acumulada. al valor así obtenido se le debe adicionar el valor correspondiente al terreno. para la realización de este método de valoración nos hemos basado en la resolución 620 de 2008 del igac, así como en el decreto 1420 de 2008.', 'es el que busca establecer el valor comercial del bien objeto de avalúo, a partir de estimar el costo total para, construir a precios de hoy, un bien semejante al del objeto de avalúo, para luego restar la depreciación acumulada. al valor así obtenido se le debe restar la utilidad.']"
metodo_valuacion_4,object,0,0.0,12,"['0', 'metodo residual', 'método reposición', '""consiste en establecer el valor de la edificación a partir de estimar el costo total para construir a precios de hoy, un bien semejante al que es objeto de avalúo y restarle la depreciación acumulada. la depreciación es la porción de vida útil que en términos económicos se debe descontar al bien, por el tiempo de uso, teniendo en cuenta aspectos como estado de conservación y mantenimiento, obsolescencia funcional y obsolescencia económica.""', 'en promesa de compraventa y licencia de construcción aparece ac 54 m2). consta de antejardín, sala-comedor, cocina, dos (2) habitaciones, baño social, lavadero y patio de ropas. pisos en cemento. cubierta teja de fibrocemento sobre entramado metálico, sin cielo raso, construcción en bloque h5 sin pañetar, puertas y ventanas metálicas. pdte. instalar sanitario. regular estado conservación. vivienda nueva.""']"
concepto_del_metodo_4,object,0,0.0,9,"['0', '""es el que busca establecer el valor comercial del bien objeto de avalúo, a partir de estimar el costo total para, construir a precios de hoy, un bien semejante al del objeto de avalúo, para luego restar la depreciación acumulada. al valor así obtenido se le debe restar la utilidad. ""', 'para determinar el valor por m2 consideramos apropiado utilizar el método residual, que busca establecer el valor comercial del terreno a partir de estimar el monto total de las ventas de un proyecto de construcción, acorde a la reglamentación urbanística existente y de conformidad con el mercado del bien final vendible en el terreno objeto de avalúo.', 'técnica residual, a partir del estudio de mercado de inmuebles con el mejor uso sobre el inmueble, se calculan las posibles ventas, costos y utilidades para determinar el valor del terreno.', 'método (técnica) residual.']"
metodo_valuacion_5,object,0,0.0,4,"['comparación de mercado ph en venta', '0', 'y adecuaciones tales como el cambio de cocina y baños, con fisuras en el piso.""', 'el cual transmite todo el piso de la estructura a la placa de cimentación, también tiene un sistema de columnas aporticadas. placas de entrepiso aligeradas, y cubierta en concreto reforzado. consta de: sala, comedor, balcón, cocina integral abierta con mezón tipo barra americana de quarzón, dos alcobas auxiliares, baño social y alcoba principal con baño privado']"
concepto_del_metodo_5,object,0,0.0,783,"['0', 'es la técnica valuatoria que busca establecer el valor comercial del bien, a partir del estudio de las ofertas o transacciones recientes, de bienes semejantes y comparables al del objeto de avalúo. tales ofertas o transacciones deberán ser clasificadas, analizadas e interpretadas para llegar a la estimación del valor comercial.', 'se utiliza la metodología de comparación ya que existe suficiente oferta representativa del inmueble avaluado. para la realización de este método de valoración nos hemos basado en la resolución 620 de 2008 del igac, así como en el decreto 1420 de 1998. las ofertas que se toman para realizar el presente avalúo son del mismo sector.', 'se utiliza la metodología de comparación de mercado ya que existe suficiente oferta representativa del inmueble avaluado. para la realización de este método de valoración nos hemos basado en la resolución 620 de 2008 del igac, así como en el decreto 1420 de 2008.', 'se utiliza la metodología de comparación ya que existe suficiente oferta representativa del inmueble avaluado. para la realización de este método de valoración nos hemos basado en la resolución 620 de 2008 del igac, así como en el decreto 1420 de 1998. las ofertas que se toman para realizar el presente avalúo son del mismo sector, con características similares al inmueble tasado. las diferencias de las muestras se fundamentan en sus terminados.']"
metodo_valuacion_6,object,0,0.0,26,"['0', 'comparación de mercado ph en renta', 'comparación de mercado ph en venta', '""se utiliza la metodología de comparación ya que existe suficiente oferta representativa del inmueble avaluado. para la realización de este método de valoración nos hemos basado en la resolución 620 de 2008 del igac, así como en el decreto 1420 de 2008. las ofertas que se toman para realizar el presente avalúo son del mismo sector.""', '""técnica valuatoria que busca establecer el valor comercial de los bienes, a partir del estudio de las ofertas o transacciones recientes, de bienes semejantes y comparables a los del objeto del avalúo.""']"
concepto_del_metodo_6,object,0,0.0,129,"['0', 'es la técnica valuatoria que busca establecer el valor comercial de un bien, a partir de las rentas o ingresos que se puedan obtener del mismo bien, o inmuebles semejantes y comparables por sus características físicas, de uso y ubicación, trayendo a valor presente la suma de los probables ingresos o rentas generadas en la vida remanente del bien objeto de avalúo, con una tasa de capitalización o interés.', 'se utiliza la metodología de comparación ya que existe suficiente oferta representativa del inmueble avaluado. para la realización de este método de valoración nos hemos basado en la resolución 620 de 2008 del igac, así como en el decreto 1420 de 1998. las ofertas que se toman para realizar el presente avalúo son del mismo sector.', 'es la técnica valuatoria que busca establecer el valor comercial de un bien, a partir de las rentas o ingresos que se puedan obtener del mismo bien, o inmuebles semejantes y comparables por sus características físicas, de uso y ubicación, trayendo a valor presente la suma de los probables ingresos o rentas generadas en la vida remanente del bien objeto de avalúo, con una tasa de capitalización o interés', 'se utiliza la metodología de comparación ya que existe suficiente oferta representativa del inmueble avaluado. para la realización de este método de valoración nos hemos basado en la resolución 620 de 2008 del igac, así como en el decreto 1420 de 2008. las ofertas que se toman para realizar el presente avalúo son del mismo sector.']"
metodo_valuacion_7,object,0,0.0,10,"['0', 'comparación de mercado lote en venta', 'comparación de mercado ph en renta', 'comparación de mercado ph en venta', '""se utiliza la metodología de comparación ya que existe suficiente oferta representativa del inmueble avaluado. para la realización de este método de valoración nos hemos basado en la resolución 620 de 2008 del igac, así como en el decreto 1420 de 2008. las ofertas que se toman para realizar el presente avalúo son del mismo sector.""']"
concepto_del_metodo_7,object,0,0.0,97,"['0', 'es la técnica valuatoria que busca establecer el valor comercial del bien, a partir del estudio de las ofertas o transacciones recientes, de bienes semejantes y comparables al del objeto de avalúo. tales ofertas o transacciones deberán ser clasificadas, analizadas e interpretadas para llegar a la estimación del valor comercial.', 'se utiliza la metodología de comparación ya que existe suficiente oferta representativa del inmueble avaluado. para la realización de este método de valoración nos hemos basado en la resolución 620 de 2008 del igac, así como en el decreto 1420 de 1998. las ofertas que se toman para realizar el presente avalúo son del mismo sector.', 'se utiliza la metodología de comparación ya que existe suficiente oferta representativa del inmueble avaluado. para la realización de este método de valoración nos hemos basado en la resolución 620 de 2008 del igac, así como en el decreto 1420 de 1998. las ofertas que se toman para realizar el presente avalúo son del mismo sector, con características similares al inmueble tasado.', 'comparación de mercado ph en renta']"
metodo_valuacion_8,object,0,0.0,4,"['0', 'comparación de mercado lote en venta (terreno + construcción)', 'comparación de mercado lote en venta', '""se utiliza la metodología de comparación ya que existe suficiente oferta representativa del inmueble avaluado. para la realización de este método de valoración nos hemos basado en la resolución 620 de 2008 del igac, así como en el decreto 1420 de 2008. las ofertas que se toman para realizar el presente avalúo son del mismo sector.""']"
concepto_del_metodo_8,object,0,0.0,620,"['0', 'es la técnica valuatoria que busca establecer el valor comercial del bien, a partir del estudio de las ofertas o transacciones recientes, de bienes semejantes y comparables al del objeto de avalúo. tales ofertas o transacciones deberán ser clasificadas, analizadas e interpretadas para llegar a la estimación del valor comercial.', 'se utiliza la metodología de comparación ya que existe suficiente oferta representativa del inmueble avaluado. para la realización de este método de valoración nos hemos basado en la resolución 620 de 2008 del igac, así como en el decreto 1420 de 1998. las ofertas que se toman para realizar el presente avalúo son del mismo sector.', 'se utiliza la metodología de comparación de mercado ya que existe suficiente oferta representativa del inmueble avaluado. para la realización de este método de valoración nos hemos basado en la resolución 620 de 2008 del igac, así como en el decreto 1420 de 2008.', 'se utiliza la metodología de comparación ya que existe suficiente oferta representativa del inmueble avaluado. para la realización de este método de valoración nos hemos basado en la resolución 620 de 2008 del igac, así como en el decreto 1420 de 1998. las ofertas que se toman para realizar el presente avalúo son del mismo sector, con características similares al inmueble tasado. las diferencias de las muestras se fundamentan en sus terminados.']"
metodo_valuacion_9,object,0,0.0,20,"['0', 'comparación de mercado lote en renta (terreno + construcción)', 'comparación de mercado lote en venta (terreno + construcción)', '""se utiliza la metodología de comparación ya que existe suficiente oferta representativa del inmueble avaluado. para la realización de este método de valoración nos hemos basado en la resolución 620 de 2008 del igac, así como en el decreto 1420 de 2008. las ofertas que se toman para realizar el presente avalúo son del mismo sector.""', '""para el terreno investigación directa de acuerdo a las ultimas negociaciones realizadas en el sector.""']"
concepto_del_metodo_9,object,0,0.0,42,"['0', 'comparación de mercado lote en renta (terreno + construcción)', 'es la técnica valuatoria que busca establecer el valor comercial de un bien, a partir de las rentas o ingresos que se puedan obtener del mismo bien, o inmuebles semejantes y comparables por sus características físicas, de uso y ubicación, trayendo a valor presente la suma de los probables ingresos o rentas generadas en la vida remanente del bien objeto de avalúo, con una tasa de capitalización o interés.', 'se utiliza la metodología de comparación ya que existe suficiente oferta representativa del inmueble avaluado. para la realización de este método de valoración nos hemos basado en la resolución 620 de 2008 del igac, así como en el decreto 1420 de 1998. las ofertas que se toman para realizar el presente avalúo son del mismo sector, con características similares al inmueble tasado. dependiendo de la oferta utilizada en el momento de la homogeneización se ha utilizado un factor que precia o depreci', 'es la técnica valuatoria que busca establecer el valor comercial de un bien, a partir de las rentas o ingresos que se puedan obtener del mismo bien, o inmuebles semejantes y comparables por sus características físicas, de uso y ubicación, trayendo a valor presente la suma de los probables ingresos o rentas generadas en la vida remanente del bien objeto de avalúo, con una tasa de capitalización o interés']"
area_privada,object,0,0.0,5628,"['0', '60', '68', 'no', '80']"
valor_area_privada,object,0,0.0,7921,"['0', '6,0', '51640139', '70185000,00', '65715000,00']"
area_garaje,object,0,0.0,1537,"['0', '11.5', '12.5', '12', '10.35']"
valor_area_garaje,object,0,0.0,650,"['0', '18000000', '20000000', '15000000', '16000000']"
area_deposito,object,0,0.0,541,"['0', '1', '2', '2.4', '2.5']"
valor_area_deposito,object,0,0.0,255,"['0', '4000000', '3000000', '5000000', '6000000']"
area_terreno,object,0,0.0,1475,"['0', '72', '90', '84', '60']"
valor_area_terreno,object,0,0.0,2388,"['0', '36000000', '18000000', '43200000', '25200000']"
area_construccion,object,0,0.0,2007,"['0', '54', '60', '120', '90']"
valor_area_construccion,object,0,0.0,2961,"['0', '39600000', '57600000', '37800000', '90000000']"
area_otros,object,0,0.0,357,"['0', '72', '60', '78', '54']"
valor_area_otros,object,0,0.0,382,"['0', '50700000', '23760000', '18900000', '36750000']"
area_libre,object,0,0.0,42,"['no', '0', 'si', '88,12', '44,35']"
valor_area_libre,object,0,0.0,1083,"['0', '3780000', '2058000,00', '1680000', '3269427']"
valor_total_avaluo,object,0,0.0,11085,"['0', '65715000,00', '105420810', '73200000', '117000000']"
valor_uvr,object,0,0.0,398,"['2518034', '259.60210000000001', '255.79519999999999', '2.521275e+18', '259.67219999999998']"
valor_avaluo_en_uvr,object,1,0.01,11453,"['0', '2517565', '2.516838e+18', '2518034', '2516978']"
Longitud,float64,0,0.0,7543,"[0.0, -74.6104578, -73.1069693, -74.2110227, -75.6056176]"
Latitud,float64,1,0.01,7566,"[0.0, 10.4637422, 7.0723921, 11.2403547, 6.1521639]"
